{
  "best_step": 18500,
  "best_step_time": "0 days 06:27:29.809188",
  "best_tokens_seen": 19398656000,
  "dataset_scores_path": "/opt/ml/checkpoints/ntv3-results/beat-v7-20k-aggressive-deep-llrd09-seed0/human/functional/dataset_scores.csv",
  "effective_global_batch_size": 32,
  "model_family": "lumina",
  "model_version": "beat-v7",
  "requested_precision": "fp32",
  "resolved_precision": "fp32",
  "resume_from_checkpoint": null,
  "resumed_from_step": 0,
  "running_time": 25093.564515712,
  "runtime_batch_size_per_rank": 2,
  "runtime_grad_accum_steps": 2,
  "species": "human",
  "task_type": "functional",
  "test_metrics": {
    "ENCSR046BCI_M/pearson": 0.4525506030519747,
    "ENCSR046BCI_P/pearson": 0.4146819809606317,
    "ENCSR100LIJ_M/pearson": 0.48795594325034103,
    "ENCSR100LIJ_P/pearson": 0.4821314269794343,
    "ENCSR114HGS_M/pearson": 0.28112355488696944,
    "ENCSR114HGS_P/pearson": 0.3167881042068858,
    "ENCSR154HRN_M/pearson": 0.45547547732883886,
    "ENCSR154HRN_P/pearson": 0.47340651583949583,
    "ENCSR249ROI_M/pearson": 0.5549496476913635,
    "ENCSR249ROI_P/pearson": 0.5436449774006651,
    "ENCSR321PWZ_M/pearson": 0.6194952745584453,
    "ENCSR321PWZ_P/pearson": 0.6418468539425841,
    "ENCSR325NFE/pearson": 0.6973545383036477,
    "ENCSR410DWV/pearson": 0.5322839239783622,
    "ENCSR484LTQ_M/pearson": 0.4286077931739591,
    "ENCSR484LTQ_P/pearson": 0.43315374772348597,
    "ENCSR487QSB/pearson": 0.520097887485775,
    "ENCSR527JGN_M/pearson": 0.4273263772080155,
    "ENCSR527JGN_P/pearson": 0.6381851179697229,
    "ENCSR619DQO_M/pearson": 0.6124315361427914,
    "ENCSR619DQO_P/pearson": 0.6345137395493251,
    "ENCSR628PLS/pearson": 0.43270509781228506,
    "ENCSR682BFG/pearson": 0.48103722474935534,
    "ENCSR701YIC/pearson": 0.509351280480762,
    "ENCSR754DRC/pearson": 0.45785025975847615,
    "ENCSR799DGV_M/pearson": 0.483493365973189,
    "ENCSR799DGV_P/pearson": 0.4782103105211162,
    "ENCSR814RGG/pearson": 0.6690475561155501,
    "ENCSR862QCH_M/pearson": 0.48449073462687964,
    "ENCSR862QCH_P/pearson": 0.49733739020850415,
    "ENCSR863PSM/pearson": 0.4992944686586085,
    "ENCSR935RNW_M/pearson": 0.48593189184827634,
    "ENCSR935RNW_P/pearson": 0.4843511186283436,
    "ENCSR962OTG/pearson": 0.8552645482241965,
    "loss": 4.250440277303528,
    "mean/pearson": 0.5137167726246545
  },
  "training_tokens": 20900216832,
  "world_size": 8
}
