{
  "best_step": 19000,
  "best_step_time": "0 days 06:37:54.455832",
  "best_tokens_seen": 19922944000,
  "dataset_scores_path": "/opt/ml/checkpoints/ntv3-results/beat-v7-20k-aggressive-moderate-lr125-llrd085-seed0/human/functional/dataset_scores.csv",
  "effective_global_batch_size": 32,
  "model_family": "lumina",
  "model_version": "beat-v7",
  "requested_precision": "fp32",
  "resolved_precision": "fp32",
  "resume_from_checkpoint": null,
  "resumed_from_step": 0,
  "running_time": 25089.691698925002,
  "runtime_batch_size_per_rank": 2,
  "runtime_grad_accum_steps": 2,
  "species": "human",
  "task_type": "functional",
  "test_metrics": {
    "ENCSR046BCI_M/pearson": 0.45301491815864475,
    "ENCSR046BCI_P/pearson": 0.41577555793295495,
    "ENCSR100LIJ_M/pearson": 0.48970043491135595,
    "ENCSR100LIJ_P/pearson": 0.4825230725951993,
    "ENCSR114HGS_M/pearson": 0.2819882213601656,
    "ENCSR114HGS_P/pearson": 0.31639269077384957,
    "ENCSR154HRN_M/pearson": 0.45614608080974967,
    "ENCSR154HRN_P/pearson": 0.47348571458112004,
    "ENCSR249ROI_M/pearson": 0.5558863416876446,
    "ENCSR249ROI_P/pearson": 0.5437320165515366,
    "ENCSR321PWZ_M/pearson": 0.621695994896827,
    "ENCSR321PWZ_P/pearson": 0.6398852980882945,
    "ENCSR325NFE/pearson": 0.7005249502891912,
    "ENCSR410DWV/pearson": 0.5323806874258892,
    "ENCSR484LTQ_M/pearson": 0.42985373308949004,
    "ENCSR484LTQ_P/pearson": 0.43101845593547944,
    "ENCSR487QSB/pearson": 0.5211697296856976,
    "ENCSR527JGN_M/pearson": 0.42512425651069796,
    "ENCSR527JGN_P/pearson": 0.6381287694589871,
    "ENCSR619DQO_M/pearson": 0.6128505181452639,
    "ENCSR619DQO_P/pearson": 0.636023459710928,
    "ENCSR628PLS/pearson": 0.4335895553229187,
    "ENCSR682BFG/pearson": 0.48220082600045494,
    "ENCSR701YIC/pearson": 0.5091707235077954,
    "ENCSR754DRC/pearson": 0.4592568474916988,
    "ENCSR799DGV_M/pearson": 0.48363717837561315,
    "ENCSR799DGV_P/pearson": 0.47881054057633465,
    "ENCSR814RGG/pearson": 0.6711599475840397,
    "ENCSR862QCH_M/pearson": 0.48620161754244706,
    "ENCSR862QCH_P/pearson": 0.4954417277633741,
    "ENCSR863PSM/pearson": 0.4992655146413726,
    "ENCSR935RNW_M/pearson": 0.4865068680078332,
    "ENCSR935RNW_P/pearson": 0.48486868690540996,
    "ENCSR962OTG/pearson": 0.8567422329023934,
    "loss": 4.249973900002126,
    "mean/pearson": 0.5142397990947252
  },
  "training_tokens": 20900216832,
  "world_size": 8
}
