{
  "feature_names": [
    "intercept",
    "alpha_raw",
    "sqrt_alpha",
    "log1p_alpha",
    "mean_25",
    "mean_101",
    "mean_501"
  ],
  "selected_lambda": 0.0,
  "weights_by_lambda": {
    "0": [
      0.009687391666651453,
      -0.17567040970194714,
      0.09879834919203166,
      0.02157582875251339,
      1.2906044287159344,
      25.125316849056933,
      10.606193941332622
    ],
    "0.0001": [
      0.009688788992353288,
      -0.1756546030976736,
      0.09880390745065715,
      0.021544420847014235,
      1.290787816695048,
      25.124871146802,
      10.606384739369677
    ],
    "0.01": [
      0.009827134965395537,
      -0.17412095373260672,
      0.0993513093053193,
      0.018478921503173325,
      1.3088924397717634,
      25.080895321752635,
      10.625178175232357
    ],
    "1": [
      0.023414866758133927,
      -0.13795457507509645,
      0.14295709039753907,
      -0.11756025652164094,
      2.733025718416433,
      21.774269306525646,
      11.820340967177962
    ],
    "100": [
      0.45581403830073386,
      -0.29731773650072885,
      1.1119938149010173,
      -0.1978715783798922,
      4.190290154950523,
      5.00904867916714,
      4.674729085924826
    ],
    "1e-06": [
      0.00968740563989695,
      -0.17567025160429792,
      0.09879840477752011,
      0.021575514629023095,
      1.290606262646679,
      25.125312391885135,
      10.60619584940894
    ]
  }
}