{
  "best_step": 19932,
  "best_step_time": "0 days 06:57:22.959378",
  "best_tokens_seen": 20900216832,
  "dataset_scores_path": "/opt/ml/checkpoints/ntv3-results/beat-v7-20k-aggressive-backbone-ema-seed0/human/functional/dataset_scores.csv",
  "effective_global_batch_size": 32,
  "model_family": "lumina",
  "model_version": "beat-v7",
  "requested_precision": "fp32",
  "resolved_precision": "fp32",
  "resume_from_checkpoint": null,
  "resumed_from_step": 0,
  "running_time": 25084.657613356,
  "runtime_batch_size_per_rank": 2,
  "runtime_grad_accum_steps": 2,
  "species": "human",
  "task_type": "functional",
  "test_metrics": {
    "ENCSR046BCI_M/pearson": 0.44134272972546285,
    "ENCSR046BCI_P/pearson": 0.4029499329180718,
    "ENCSR100LIJ_M/pearson": 0.4725491972822027,
    "ENCSR100LIJ_P/pearson": 0.46692139348360695,
    "ENCSR114HGS_M/pearson": 0.2789675382824356,
    "ENCSR114HGS_P/pearson": 0.3153838906037056,
    "ENCSR154HRN_M/pearson": 0.453699696529081,
    "ENCSR154HRN_P/pearson": 0.4706689154822563,
    "ENCSR249ROI_M/pearson": 0.5529023662499185,
    "ENCSR249ROI_P/pearson": 0.5417613873610937,
    "ENCSR321PWZ_M/pearson": 0.61815478151539,
    "ENCSR321PWZ_P/pearson": 0.6412857654254804,
    "ENCSR325NFE/pearson": 0.6920192558646536,
    "ENCSR410DWV/pearson": 0.5045673291721972,
    "ENCSR484LTQ_M/pearson": 0.42698785506707,
    "ENCSR484LTQ_P/pearson": 0.4300165563858221,
    "ENCSR487QSB/pearson": 0.5150326886497086,
    "ENCSR527JGN_M/pearson": 0.43377625437759504,
    "ENCSR527JGN_P/pearson": 0.6385897632498218,
    "ENCSR619DQO_M/pearson": 0.6154911422190881,
    "ENCSR619DQO_P/pearson": 0.6346228111875892,
    "ENCSR628PLS/pearson": 0.4270531760982394,
    "ENCSR682BFG/pearson": 0.47894460210625805,
    "ENCSR701YIC/pearson": 0.510624696455229,
    "ENCSR754DRC/pearson": 0.45627237799207093,
    "ENCSR799DGV_M/pearson": 0.46786666497187007,
    "ENCSR799DGV_P/pearson": 0.463542596001577,
    "ENCSR814RGG/pearson": 0.6604070678374689,
    "ENCSR862QCH_M/pearson": 0.48198121610837835,
    "ENCSR862QCH_P/pearson": 0.4937290300692387,
    "ENCSR863PSM/pearson": 0.4989026423278819,
    "ENCSR935RNW_M/pearson": 0.46841431264938144,
    "ENCSR935RNW_P/pearson": 0.46702050372432663,
    "ENCSR962OTG/pearson": 0.852249546838861,
    "loss": 4.253609673133877,
    "mean/pearson": 0.508079402476854
  },
  "training_tokens": 20900216832,
  "world_size": 8
}
