{
  "metric": "clinvar_finetune_regime_A",
  "value": 0.5902223846266182,
  "regime": "A",
  "model_family": "lumina",
  "model_version": "beat-v10",
  "context_size": 1024,
  "loss_type": "focal",
  "requested_precision": "auto",
  "resolved_precision": "bf16",
  "allow_tf32": true,
  "auroc": 0.8841142673171698,
  "auprc": 0.8944476710598062,
  "mcc": 0.5902223846266182,
  "f1": 0.8074074074074074,
  "balanced_accuracy": 0.7952509348918992,
  "precision": 0.8104089219330854,
  "recall": 0.8044280442804428,
  "specificity": 0.7860738255033557,
  "brier_score": 0.1499767629914992,
  "log_loss": 0.46879601175107755,
  "val_mcc": 0.6192345207101847,
  "val_auprc": 0.9658746853355685,
  "val_auroc": 0.9062443056097879,
  "val_optimal_threshold": 0.5054624080657959,
  "best_epoch": 3,
  "test_at_val_threshold": {
    "threshold": 0.5054624080657959,
    "accuracy": 0.795838241067923,
    "balanced_accuracy": 0.7952509348918992,
    "precision": 0.8104089219330854,
    "recall": 0.8044280442804428,
    "specificity": 0.7860738255033557,
    "f1": 0.8074074074074074,
    "mcc": 0.5902223846266182,
    "tp": 1090,
    "tn": 937,
    "fp": 255,
    "fn": 265
  },
  "test_at_default_threshold": {
    "threshold": 0.5,
    "accuracy": 0.7989791912053397,
    "balanced_accuracy": 0.7979506674261374,
    "precision": 0.8092443140132062,
    "recall": 0.8140221402214022,
    "specificity": 0.7818791946308725,
    "f1": 0.811626195732156,
    "mcc": 0.5961538520109078,
    "tp": 1103,
    "tn": 932,
    "fp": 260,
    "fn": 252
  },
  "test_at_test_optimal_threshold_LEAKY": {
    "threshold": 0.47791963815689087,
    "accuracy": 0.806831566548881,
    "balanced_accuracy": 0.8039178781049556,
    "precision": 0.7998610145934677,
    "recall": 0.8494464944649447,
    "specificity": 0.7583892617449665,
    "f1": 0.8239083750894776,
    "mcc": 0.6117778405863418,
    "tp": 1151,
    "tn": 904,
    "fp": 288,
    "fn": 204
  },
  "cross_gene_diagnostic": {
    "auroc": 0.8893528928864619,
    "auprc": 0.9092697514727698,
    "mcc_at_val_threshold": 0.6005431215002159,
    "num_variants": 481,
    "num_genes": 39
  },
  "swap_diagnostics": {
    "swap_mean_abs_prob_sum_minus_one": 0.33728882670402527,
    "swap_directional_fraction": 0.6694149980369062
  },
  "consequence_stratified_metrics": {
    "indel": {
      "count": 309.0,
      "mcc": 0.7341686528644003,
      "f1": 0.9298245614035087,
      "precision": 0.9464285714285714,
      "recall": 0.9137931034482759,
      "auroc": 0.9200626959247649
    },
    "mnv": {
      "count": 10.0,
      "mcc": 1.0,
      "f1": 1.0,
      "precision": 1.0,
      "recall": 1.0,
      "auroc": 1.0
    },
    "snv": {
      "count": 2228.0,
      "mcc": 0.5619398643352874,
      "f1": 0.7807726864330639,
      "precision": 0.7814748201438849,
      "recall": 0.7800718132854578,
      "auroc": 0.8726321438586426
    }
  },
  "hyperparameters": {
    "lora_rank": 8,
    "lora_alpha": 16.0,
    "lora_dropout": 0.05,
    "lr_backbone": 0.001,
    "lr_head": 0.0001,
    "freeze_backbone_steps": 0,
    "grad_clip": 0.5,
    "warmup_fraction": 0.1,
    "batch_size": 2,
    "grad_accum_steps": 8,
    "focal_gamma": 2.0,
    "pairwise_rank_weight": 0.0,
    "pairwise_rank_margin": 0.5,
    "swap_consistency_weight": 0.0,
    "swap_consistency_margin": 0.5,
    "explicit_feature_columns": [],
    "init_finetuned_checkpoint_path": "/opt/ml/input/data/init_model/_fusion_extracted/best_model.pt",
    "fusion_mode": "static_lora",
    "fusion_adapter_names": [
      "abraom",
      "gnomad"
    ],
    "freeze_backbone_for_fusion": true
  },
  "architecture": {
    "proj_dim": 256,
    "hidden_dim": 128,
    "head_dropout": 0.2,
    "d_model": 288,
    "head_type": "regime_a",
    "explicit_feature_dim": 0,
    "fusion_mode": "static_lora"
  },
  "trainable_params": {
    "lora": 0,
    "fusion": 108,
    "layernorm": 0,
    "head": 263553,
    "other": 0,
    "total": 263661
  },
  "data_summary": {
    "train_size": 11673,
    "val_size": 1297,
    "test_size": 2547,
    "pos_weight": 0.31630581867388363
  }
}