{
  "metric": "clinvar_finetune_regime_A",
  "value": 0.6612623429871373,
  "regime": "A",
  "model_family": "lumina",
  "model_version": "beat-v10",
  "context_size": 4096,
  "loss_type": "focal",
  "requested_precision": "auto",
  "resolved_precision": "bf16",
  "allow_tf32": true,
  "auroc": 0.9227444959013347,
  "auprc": 0.9275609569876606,
  "mcc": 0.6612623429871373,
  "f1": 0.8513291762389236,
  "balanced_accuracy": 0.8129098665147725,
  "precision": 0.766548463356974,
  "recall": 0.9571955719557196,
  "specificity": 0.6686241610738255,
  "brier_score": 0.1292452703790795,
  "log_loss": 0.41095581585759855,
  "val_mcc": 0.6938592230770985,
  "val_auprc": 0.9766162418127101,
  "val_auroc": 0.9374170245997658,
  "val_optimal_threshold": 0.528533399105072,
  "best_epoch": 5,
  "test_at_val_threshold": {
    "threshold": 0.528533399105072,
    "accuracy": 0.8221436984687868,
    "balanced_accuracy": 0.8129098665147725,
    "precision": 0.766548463356974,
    "recall": 0.9571955719557196,
    "specificity": 0.6686241610738255,
    "f1": 0.8513291762389236,
    "mcc": 0.6612623429871373,
    "tp": 1297,
    "tn": 797,
    "fp": 395,
    "fn": 58
  },
  "test_at_default_threshold": {
    "threshold": 0.5,
    "accuracy": 0.8103651354534747,
    "balanced_accuracy": 0.7994681641447287,
    "precision": 0.7482915717539863,
    "recall": 0.9697416974169741,
    "specificity": 0.6291946308724832,
    "f1": 0.8447444551591129,
    "mcc": 0.6458593239434886,
    "tp": 1314,
    "tn": 750,
    "fp": 442,
    "fn": 41
  },
  "test_at_test_optimal_threshold_LEAKY": {
    "threshold": 0.6252092719078064,
    "accuracy": 0.8468786808009423,
    "balanced_accuracy": 0.8455930062656332,
    "precision": 0.8493845039826213,
    "recall": 0.8656826568265683,
    "specificity": 0.825503355704698,
    "f1": 0.8574561403508771,
    "mcc": 0.6922398579498613,
    "tp": 1173,
    "tn": 984,
    "fp": 208,
    "fn": 182
  },
  "cross_gene_diagnostic": {
    "auroc": 0.9358960631045437,
    "auprc": 0.9516044105998074,
    "mcc_at_val_threshold": 0.739921829553182,
    "num_variants": 481,
    "num_genes": 39
  },
  "swap_diagnostics": {
    "swap_mean_abs_prob_sum_minus_one": 0.47291141748428345,
    "swap_directional_fraction": 0.6513545347467609
  },
  "consequence_stratified_metrics": {
    "indel": {
      "count": 309.0,
      "mcc": 0.8142397303909965,
      "f1": 0.9563409563409564,
      "precision": 0.9236947791164659,
      "recall": 0.9913793103448276,
      "auroc": 0.9488356471115091
    },
    "mnv": {
      "count": 10.0,
      "mcc": 1.0,
      "f1": 1.0,
      "precision": 1.0,
      "recall": 1.0,
      "auroc": 1.0
    },
    "snv": {
      "count": 2228.0,
      "mcc": 0.6391452236551491,
      "f1": 0.8304552590266876,
      "precision": 0.7377963737796374,
      "recall": 0.9497307001795332,
      "auroc": 0.9152011771190237
    }
  },
  "hyperparameters": {
    "lora_rank": 4,
    "lora_alpha": 8.0,
    "lora_dropout": 0.1,
    "lr_backbone": 5e-06,
    "lr_head": 0.0005,
    "freeze_backbone_steps": 100,
    "grad_clip": 0.5,
    "warmup_fraction": 0.1,
    "batch_size": 4,
    "grad_accum_steps": 16,
    "focal_gamma": 2.0,
    "pairwise_rank_weight": 0.0,
    "pairwise_rank_margin": 0.5,
    "swap_consistency_weight": 0.0,
    "swap_consistency_margin": 0.5,
    "explicit_feature_columns": [
      "log10_af_abraom",
      "log10_af_gnomad",
      "af_delta",
      "af_abs_delta",
      "af_ratio_log10",
      "af_abraom_missing",
      "af_gnomad_missing",
      "specificity",
      "specificity_missing",
      "abraom_present",
      "is_snv"
    ],
    "init_finetuned_checkpoint_path": "/opt/ml/input/data/init_model/_fusion_extracted/best_model.pt",
    "fusion_mode": "static_lora",
    "fusion_adapter_names": [
      "abraom",
      "gnomad"
    ],
    "freeze_backbone_for_fusion": true
  },
  "architecture": {
    "proj_dim": 256,
    "hidden_dim": 128,
    "head_dropout": 0.2,
    "d_model": 288,
    "head_type": "regime_a_bounded_regional",
    "explicit_feature_dim": 11,
    "fusion_mode": "static_lora"
  },
  "trainable_params": {
    "lora": 0,
    "fusion": 108,
    "layernorm": 0,
    "head": 272770,
    "other": 0,
    "total": 272878
  },
  "data_summary": {
    "train_size": 11673,
    "val_size": 1297,
    "test_size": 2547,
    "pos_weight": 1.0
  }
}