{
  "best_step": 10,
  "best_step_time": "0 days 00:00:30.970490",
  "best_tokens_seen": 327680,
  "dataset_scores_path": "/opt/ml/checkpoints/ntv3-results/ntv3-beat-v5-val-13c-seed42/human/functional/dataset_scores.csv",
  "effective_global_batch_size": 1,
  "model_family": "lumina",
  "model_version": "beat-v5",
  "requested_precision": "auto",
  "resolved_precision": "bf16",
  "resume_from_checkpoint": null,
  "resumed_from_step": 0,
  "running_time": 33.711440133999986,
  "runtime_batch_size_per_rank": 1,
  "runtime_grad_accum_steps": 1,
  "species": "human",
  "task_type": "functional",
  "test_metrics": {
    "ENCSR046BCI_M/pearson": 0.0006369343400957022,
    "ENCSR046BCI_P/pearson": -0.007943668917135417,
    "ENCSR100LIJ_M/pearson": 0.005317755082103928,
    "ENCSR100LIJ_P/pearson": 0.002072669457216214,
    "ENCSR114HGS_M/pearson": 0.003915983811732781,
    "ENCSR114HGS_P/pearson": 0.003143758009564658,
    "ENCSR154HRN_M/pearson": 0.012871472229990858,
    "ENCSR154HRN_P/pearson": 0.004058572874265372,
    "ENCSR249ROI_M/pearson": -0.003094563816059154,
    "ENCSR249ROI_P/pearson": 0.016013940291564062,
    "ENCSR321PWZ_M/pearson": 0.01115413889176051,
    "ENCSR321PWZ_P/pearson": 0.010087158032550695,
    "ENCSR325NFE/pearson": 0.12538573182009274,
    "ENCSR410DWV/pearson": 0.0013632093278781406,
    "ENCSR484LTQ_M/pearson": 0.00013556946822385906,
    "ENCSR484LTQ_P/pearson": 0.01755438895645128,
    "ENCSR487QSB/pearson": -0.014576432411352517,
    "ENCSR527JGN_M/pearson": 0.027762634055860803,
    "ENCSR527JGN_P/pearson": -0.007422138111544226,
    "ENCSR619DQO_M/pearson": -0.007377378805610355,
    "ENCSR619DQO_P/pearson": -0.024058087712047378,
    "ENCSR628PLS/pearson": 0.011576213549060377,
    "ENCSR682BFG/pearson": -0.01185934232952096,
    "ENCSR701YIC/pearson": -0.029058711541290163,
    "ENCSR754DRC/pearson": -0.032563716513624406,
    "ENCSR799DGV_M/pearson": -0.006158000080351811,
    "ENCSR799DGV_P/pearson": 0.00044925855349941374,
    "ENCSR814RGG/pearson": -0.13976327013730352,
    "ENCSR862QCH_M/pearson": -0.006384614063437036,
    "ENCSR862QCH_P/pearson": -0.0016539636088867989,
    "ENCSR863PSM/pearson": 0.08580471690777446,
    "ENCSR935RNW_M/pearson": -0.0001789477688031671,
    "ENCSR935RNW_P/pearson": 0.004650647459419132,
    "ENCSR962OTG/pearson": 0.05372252088753973,
    "loss": 1.8232341958926275,
    "mean/pearson": 0.0031054246526375827
  },
  "training_tokens": 327680,
  "world_size": 1
}
