af_abraom_bin,n,n_positive,n_negative,mcc,recall,specificity,mean_score,mean_molecular_probability,mean_regional_discount
missing_or_zero,7370,5253,2117,0.38311351109313835,0.8410432134018656,0.5333018422295701,0.7410557262893968,0.7486273740250188,0.19167106141875848
0.5-1%,271,117,154,0.22953036714759284,0.5811965811965812,0.6493506493506493,0.3906922082435452,0.42221120384786404,0.3601930062269373
1-5%,5236,92,5144,0.0794111833846398,0.2717391304347826,0.9066874027993779,0.25712180658877043,0.3126070773623161,0.6077063016257639
>5%,8160,50,8110,0.09663872810354833,0.1,0.9946979038224414,0.18877625496446734,0.2557015493493892,0.9228684369255514
