dataset,n,n_positive,n_negative,mcc,recall,specificity,mean_score,mean_molecular_probability,mean_regional_discount
abraom_common_benign,12099,0,12099,0.0,0.0,0.9585089676832796,0.21196092873353417,0.27690695849383445,0.8029340622158856
abraom_pathogenic_common,60,60,0,0.0,0.2,0.0,0.30302928105526683,0.35513563205798465,0.5213053385416667
abraom_pathogenic_present,163,163,0,0.0,0.43558282208588955,0.0,0.3567756836491753,0.4013732891141271,0.4130020609662577
br_any,564,427,137,0.6041170570342913,0.9929742388758782,0.45985401459854014,0.6932705772512554,0.7149134345669695,0.24608509253102837
br_only,504,377,127,0.6051392365837596,0.9946949602122016,0.4566929133858268,0.6946707128883804,0.716072858592111,0.24369109623015872
global_nonbr_no_abraom,1989,1348,641,0.50006754101164,0.6906528189910979,0.84399375975039,0.7424954594739901,0.7424954594739901,0.19418496064291102
nonbr_only,2547,1355,1192,0.6131752226003314,0.6870848708487085,0.9161073825503355,0.6427100351278483,0.6427100351278483,0.31858118159844917
regional_benchmark_any,3111,1782,1329,0.5608387781748854,0.9943883277216611,0.4582392776523702,0.6295037826167474,0.6557991583126606,0.30543726519808745
