specificity_bin,n,n_positive,n_negative,mcc,recall,specificity,mean_score,mean_molecular_probability,mean_regional_discount
"(0,0.001]",976,31,945,0.3170311959807994,0.5806451612903226,0.9291005291005291,0.24402274968039234,0.30179287128333676,0.6883354812371926
"(0.001,0.005]",3362,145,3217,0.22531686511319005,0.4,0.9213552999689152,0.24644589358085847,0.30348449403387956,0.6858695879498811
"(0.005,0.01]",2973,50,2923,0.15805876834699517,0.34,0.9469722887444406,0.22982947047256028,0.29005752442723526,0.7272851496804574
"(0.01,0.05]",5720,24,5696,-0.008344948239099637,0.0,0.9836727528089888,0.19559389380930978,0.26131492256857713,0.8859002813592657
"(0.05,0.1]",549,2,547,-0.004482142301877495,0.0,0.9945155393053017,0.18481909601935406,0.25143291468720186,0.9634545053506375
"(0.1,0.5]",82,7,75,0.5200427723681702,0.7142857142857143,0.92,0.26166658434229445,0.32355148745019263,0.8336270960365854
"(0.5,1]",4,0,4,0.0,0.0,1.0,0.17618538667576444,0.2561117373406887,1.0888671875
0,1,0,1,0.0,0.0,1.0,0.15713685437682562,0.2351083904504776,1.2421875
absent,7370,5253,2117,0.38311351109313835,0.8410432134018656,0.5333018422295701,0.7410557262893968,0.7486273740250188,0.19167106141875848
