discount_bin,n,n_positive,n_negative,mcc,recall,specificity,mean_score,mean_molecular_probability,mean_regional_discount
"(0.1,0.25]",6580,4978,1602,0.30966811677901585,0.8437123342707915,0.4600499375780275,0.7615316649401168,0.7685540359931514,0.17512845210391337
"(0.25,0.5]",3435,474,2961,0.3444835182285984,0.6666666666666666,0.7818304626815266,0.3846709303879811,0.41969877976864534,0.3803931268195051
"(0.5,1.0]",7698,56,7642,-0.007194937695951609,0.0,0.9929337869667626,0.2075700645201827,0.2710774289799777,0.7519323200831385
>1.0,3324,4,3320,0.0,0.0,1.0,0.15766093656157057,0.2315383179720702,1.195972942990373
