dataset,n,pos,neg,probability_recall,probability_specificity,probability_mean,molecular_probability_recall,molecular_probability_specificity,molecular_probability_mean,mean_discount,q95_discount
br_only,504,377,127,0.9602122015915119,0.6141732283464567,0.6740967099747014,0.9840848806366048,0.5511811023622047,0.716072858592111,0.24369109623015872,0.7482421874999996
abraom_common_benign,12099,0,12099,0.0,0.9969418960244648,0.15701903865549258,0.0,0.99198280849657,0.27690695849383445,0.8029340622158856,1.3210937500000028
abraom_pathogenic_present,163,163,0,0.05521472392638037,0.0,0.31569374631518965,0.11042944785276074,0.0,0.4013732891141271,0.4130020609662577,0.7484375000000001
abraom_pathogenic_common,60,60,0,0.03333333333333333,0.0,0.2570785626769066,0.06666666666666667,0.0,0.35513563205798465,0.5213053385416667,0.9544921874999999
global_nonbr_no_abraom,1989,1348,641,0.962166172106825,0.3868954758190328,0.7073148823132043,0.9873887240356083,0.24180967238689546,0.7424954594739901,0.19418496064291102,0.298828125
nonbr_only,2547,1355,1192,0.9571955719557196,0.6694630872483222,0.5898315001792495,0.9822878228782288,0.5880872483221476,0.6427100351278483,0.31858118159844917,1.0078125
