{
  "best_step": 19500,
  "best_step_time": "0 days 06:46:59.729899",
  "best_tokens_seen": 20447232000,
  "dataset_scores_path": "/opt/ml/checkpoints/ntv3-results/beat-v7-multiscale-dilated-noresume-seed0/human/functional/dataset_scores.csv",
  "effective_global_batch_size": 32,
  "model_family": "lumina",
  "model_version": "beat-v7",
  "requested_precision": "fp32",
  "resolved_precision": "fp32",
  "resume_from_checkpoint": null,
  "resumed_from_step": 0,
  "running_time": 25007.499803698,
  "runtime_batch_size_per_rank": 2,
  "runtime_grad_accum_steps": 2,
  "species": "human",
  "task_type": "functional",
  "test_metrics": {
    "ENCSR046BCI_M/pearson": 0.3776570478803367,
    "ENCSR046BCI_P/pearson": 0.34876895805628316,
    "ENCSR100LIJ_M/pearson": 0.4048141424613631,
    "ENCSR100LIJ_P/pearson": 0.40721238754180994,
    "ENCSR114HGS_M/pearson": 0.2647300725087556,
    "ENCSR114HGS_P/pearson": 0.2934042526703124,
    "ENCSR154HRN_M/pearson": 0.44935480465112043,
    "ENCSR154HRN_P/pearson": 0.4568514200270683,
    "ENCSR249ROI_M/pearson": 0.5405298825024655,
    "ENCSR249ROI_P/pearson": 0.5245946827755197,
    "ENCSR321PWZ_M/pearson": 0.591381478712043,
    "ENCSR321PWZ_P/pearson": 0.6188001999674438,
    "ENCSR325NFE/pearson": 0.6693937067449078,
    "ENCSR410DWV/pearson": 0.524836941482025,
    "ENCSR484LTQ_M/pearson": 0.4106738153044528,
    "ENCSR484LTQ_P/pearson": 0.4157513013121713,
    "ENCSR487QSB/pearson": 0.5056512569497895,
    "ENCSR527JGN_M/pearson": 0.42384660254811757,
    "ENCSR527JGN_P/pearson": 0.6156176840380363,
    "ENCSR619DQO_M/pearson": 0.6072070444407395,
    "ENCSR619DQO_P/pearson": 0.6155622160044508,
    "ENCSR628PLS/pearson": 0.4153173417957288,
    "ENCSR682BFG/pearson": 0.479905783540194,
    "ENCSR701YIC/pearson": 0.4908570100713645,
    "ENCSR754DRC/pearson": 0.44757431615162985,
    "ENCSR799DGV_M/pearson": 0.4058868808907434,
    "ENCSR799DGV_P/pearson": 0.4117490397990349,
    "ENCSR814RGG/pearson": 0.6430727923872072,
    "ENCSR862QCH_M/pearson": 0.45938333088658545,
    "ENCSR862QCH_P/pearson": 0.4610187044446154,
    "ENCSR863PSM/pearson": 0.49714003306438287,
    "ENCSR935RNW_M/pearson": 0.40189099869787026,
    "ENCSR935RNW_P/pearson": 0.4130159745776724,
    "ENCSR962OTG/pearson": 0.84117806494736,
    "loss": 4.262781989379749,
    "mean/pearson": 0.48337147558334115
  },
  "training_tokens": 20900216832,
  "world_size": 8
}
