step,tokens_seen,elapsed_seconds,loss,metric
10,327680,31.311205,1.94806769,0.00388108
