{
  "best_step": 17500,
  "best_step_time": "0 days 05:59:55.570524",
  "best_tokens_seen": 18350080000,
  "dataset_scores_path": "/opt/ml/checkpoints/ntv3-results/beat-v7-mlp-head-seed0/human/functional/dataset_scores.csv",
  "effective_global_batch_size": 32,
  "model_family": "lumina",
  "model_version": "beat-v7",
  "requested_precision": "fp32",
  "resolved_precision": "fp32",
  "resume_from_checkpoint": null,
  "resumed_from_step": 0,
  "running_time": 24634.394881801003,
  "runtime_batch_size_per_rank": 2,
  "runtime_grad_accum_steps": 2,
  "species": "human",
  "task_type": "functional",
  "test_metrics": {
    "ENCSR046BCI_M/pearson": 0.38486400603645277,
    "ENCSR046BCI_P/pearson": 0.3496460092963962,
    "ENCSR100LIJ_M/pearson": 0.4118556302338835,
    "ENCSR100LIJ_P/pearson": 0.407902745174176,
    "ENCSR114HGS_M/pearson": 0.2678217259502457,
    "ENCSR114HGS_P/pearson": 0.29710411429071293,
    "ENCSR154HRN_M/pearson": 0.4421928233910252,
    "ENCSR154HRN_P/pearson": 0.4617315684879569,
    "ENCSR249ROI_M/pearson": 0.5381670293146618,
    "ENCSR249ROI_P/pearson": 0.5273436604112505,
    "ENCSR321PWZ_M/pearson": 0.5978352666259119,
    "ENCSR321PWZ_P/pearson": 0.619228719919559,
    "ENCSR325NFE/pearson": 0.6668659847100363,
    "ENCSR410DWV/pearson": 0.5020805345839319,
    "ENCSR484LTQ_M/pearson": 0.41699994357885445,
    "ENCSR484LTQ_P/pearson": 0.41831304201547004,
    "ENCSR487QSB/pearson": 0.5005270941915398,
    "ENCSR527JGN_M/pearson": 0.424430901639144,
    "ENCSR527JGN_P/pearson": 0.6171454704899043,
    "ENCSR619DQO_M/pearson": 0.5941110046568748,
    "ENCSR619DQO_P/pearson": 0.619342506513953,
    "ENCSR628PLS/pearson": 0.4120336167534606,
    "ENCSR682BFG/pearson": 0.45127362161727635,
    "ENCSR701YIC/pearson": 0.489629247178357,
    "ENCSR754DRC/pearson": 0.44199051256962735,
    "ENCSR799DGV_M/pearson": 0.4103443496269683,
    "ENCSR799DGV_P/pearson": 0.41333330088142706,
    "ENCSR814RGG/pearson": 0.6373869308797507,
    "ENCSR862QCH_M/pearson": 0.455032441641893,
    "ENCSR862QCH_P/pearson": 0.46822401226918686,
    "ENCSR863PSM/pearson": 0.4894798732932522,
    "ENCSR935RNW_M/pearson": 0.4088164159630604,
    "ENCSR935RNW_P/pearson": 0.4126960523182172,
    "ENCSR962OTG/pearson": 0.8423883856852126,
    "loss": 4.2645466690999765,
    "mean/pearson": 0.482298192417342
  },
  "training_tokens": 20900216832,
  "world_size": 8
}
