{
  "metric": "clinvar_finetune_regime_A",
  "value": 0.6394775122475589,
  "regime": "A",
  "model_family": "lumina",
  "model_version": "beat-v10",
  "context_size": 4096,
  "loss_type": "focal",
  "requested_precision": "auto",
  "resolved_precision": "bf16",
  "allow_tf32": true,
  "auroc": 0.9187133163277942,
  "auprc": 0.9218123748877356,
  "mcc": 0.6394775122475589,
  "f1": 0.8420044685604852,
  "balanced_accuracy": 0.7941823101116917,
  "precision": 0.7418447694038245,
  "recall": 0.9734317343173432,
  "specificity": 0.6149328859060402,
  "brier_score": 0.13300749701481007,
  "log_loss": 0.42015874548872323,
  "val_mcc": 0.6952146644562011,
  "val_auprc": 0.9747886981200576,
  "val_auroc": 0.9332096837172981,
  "val_optimal_threshold": 0.5122045874595642,
  "best_epoch": 2,
  "test_at_val_threshold": {
    "threshold": 0.5122045874595642,
    "accuracy": 0.8056537102473498,
    "balanced_accuracy": 0.7941823101116917,
    "precision": 0.7418447694038245,
    "recall": 0.9734317343173432,
    "specificity": 0.6149328859060402,
    "f1": 0.8420044685604852,
    "mcc": 0.6394775122475589,
    "tp": 1319,
    "tn": 733,
    "fp": 459,
    "fn": 36
  },
  "test_at_default_threshold": {
    "threshold": 0.5,
    "accuracy": 0.8017275225755791,
    "balanced_accuracy": 0.7897353822531514,
    "precision": 0.7363737486095662,
    "recall": 0.9771217712177122,
    "specificity": 0.6023489932885906,
    "f1": 0.8398350777037741,
    "mcc": 0.6346050920753697,
    "tp": 1324,
    "tn": 718,
    "fp": 474,
    "fn": 31
  },
  "test_at_test_optimal_threshold_LEAKY": {
    "threshold": 0.6076632142066956,
    "accuracy": 0.8413820180604633,
    "balanced_accuracy": 0.8378030659501225,
    "precision": 0.82324949014276,
    "recall": 0.8937269372693727,
    "specificity": 0.7818791946308725,
    "f1": 0.8570417551309272,
    "mcc": 0.6824783609094637,
    "tp": 1211,
    "tn": 932,
    "fp": 260,
    "fn": 144
  },
  "cross_gene_diagnostic": {
    "auroc": 0.9366456080236998,
    "auprc": 0.9533530252383509,
    "mcc_at_val_threshold": 0.6839640968265112,
    "num_variants": 481,
    "num_genes": 39
  },
  "swap_diagnostics": {
    "swap_mean_abs_prob_sum_minus_one": 0.4612322151660919,
    "swap_directional_fraction": 0.6552807224185316
  },
  "consequence_stratified_metrics": {
    "indel": {
      "count": 309.0,
      "mcc": 0.8062455994746057,
      "f1": 0.9545454545454546,
      "precision": 0.9166666666666666,
      "recall": 0.9956896551724138,
      "auroc": 0.9477160770264219
    },
    "mnv": {
      "count": 10.0,
      "mcc": 1.0,
      "f1": 1.0,
      "precision": 1.0,
      "recall": 1.0,
      "auroc": 1.0
    },
    "snv": {
      "count": 2228.0,
      "mcc": 0.6172064256026089,
      "f1": 0.8202204484986697,
      "precision": 0.7112722478576137,
      "recall": 0.9685816876122083,
      "auroc": 0.91238247343263
    }
  },
  "hyperparameters": {
    "lora_rank": 4,
    "lora_alpha": 8.0,
    "lora_dropout": 0.1,
    "lr_backbone": 5e-06,
    "lr_head": 0.0005,
    "freeze_backbone_steps": 100,
    "grad_clip": 0.5,
    "warmup_fraction": 0.1,
    "batch_size": 4,
    "grad_accum_steps": 16,
    "focal_gamma": 2.0,
    "pairwise_rank_weight": 0.0,
    "pairwise_rank_margin": 0.5,
    "swap_consistency_weight": 0.0,
    "swap_consistency_margin": 0.5,
    "explicit_feature_columns": [
      "log10_af_abraom",
      "log10_af_gnomad",
      "af_delta",
      "af_abs_delta",
      "af_ratio_log10",
      "af_abraom_missing",
      "af_gnomad_missing",
      "specificity",
      "specificity_missing",
      "abraom_present",
      "is_snv"
    ],
    "init_finetuned_checkpoint_path": "/opt/ml/input/data/init_model/_fusion_extracted/best_model.pt",
    "fusion_mode": "dynamic_lora",
    "fusion_adapter_names": [
      "abraom",
      "gnomad"
    ],
    "freeze_backbone_for_fusion": true,
    "fusion_gate_hidden_dim": 64,
    "fusion_gate_dropout": 0.0
  },
  "architecture": {
    "proj_dim": 256,
    "hidden_dim": 128,
    "head_dropout": 0.2,
    "d_model": 288,
    "head_type": "regime_a_bounded_regional",
    "explicit_feature_dim": 11,
    "fusion_mode": "dynamic_lora",
    "fusion_gate_hidden_dim": 64
  },
  "trainable_params": {
    "lora": 30720,
    "fusion": 1354732,
    "layernorm": 0,
    "head": 272770,
    "other": 0,
    "total": 1658222
  },
  "data_summary": {
    "train_size": 11673,
    "val_size": 1297,
    "test_size": 2547,
    "pos_weight": 1.0
  }
}