{
  "best_step": 10,
  "best_step_time": "0 days 00:00:30.944264",
  "best_tokens_seen": 327680,
  "dataset_scores_path": "/opt/ml/checkpoints/ntv3-results/ntv3-beat-v5-val-b12-seed42/human/functional/dataset_scores.csv",
  "effective_global_batch_size": 1,
  "model_family": "lumina",
  "model_version": "beat-v5",
  "requested_precision": "auto",
  "resolved_precision": "bf16",
  "resume_from_checkpoint": null,
  "resumed_from_step": 0,
  "running_time": 31.528297444999907,
  "runtime_batch_size_per_rank": 1,
  "runtime_grad_accum_steps": 1,
  "species": "human",
  "task_type": "functional",
  "test_metrics": {
    "ENCSR046BCI_M/pearson": 0.0,
    "ENCSR046BCI_P/pearson": 0.0,
    "ENCSR100LIJ_M/pearson": 0.012080884506638521,
    "ENCSR100LIJ_P/pearson": 0.004680754987161709,
    "ENCSR114HGS_M/pearson": 0.0019262387157489682,
    "ENCSR114HGS_P/pearson": 0.0034621874031429967,
    "ENCSR154HRN_M/pearson": 0.0,
    "ENCSR154HRN_P/pearson": 0.0,
    "ENCSR249ROI_M/pearson": 0.005171566942145929,
    "ENCSR249ROI_P/pearson": 0.0,
    "ENCSR321PWZ_M/pearson": 0.0,
    "ENCSR321PWZ_P/pearson": 0.0,
    "ENCSR325NFE/pearson": 0.0996703956100783,
    "ENCSR410DWV/pearson": 0.004754370614875026,
    "ENCSR484LTQ_M/pearson": 0.0,
    "ENCSR484LTQ_P/pearson": 0.0,
    "ENCSR487QSB/pearson": -0.04215376992739016,
    "ENCSR527JGN_M/pearson": 0.0,
    "ENCSR527JGN_P/pearson": 0.0,
    "ENCSR619DQO_M/pearson": 0.0,
    "ENCSR619DQO_P/pearson": 0.0,
    "ENCSR628PLS/pearson": 0.034012020985166466,
    "ENCSR682BFG/pearson": -0.04530967184897966,
    "ENCSR701YIC/pearson": -0.0019313600289811745,
    "ENCSR754DRC/pearson": 0.08388799458837858,
    "ENCSR799DGV_M/pearson": 0.0,
    "ENCSR799DGV_P/pearson": 0.0051321189701111014,
    "ENCSR814RGG/pearson": -0.0635533538930905,
    "ENCSR862QCH_M/pearson": 0.0,
    "ENCSR862QCH_P/pearson": 0.0,
    "ENCSR863PSM/pearson": 0.038601217457053916,
    "ENCSR935RNW_M/pearson": -0.012560570402651124,
    "ENCSR935RNW_P/pearson": 0.008084085669698975,
    "ENCSR962OTG/pearson": 0.062430755095879004,
    "loss": 1.9541656970977783,
    "mean/pearson": 0.005834878395440791
  },
  "training_tokens": 327680,
  "world_size": 1
}
