{
  "best_step": 19932,
  "best_step_time": "0 days 06:58:50.317270",
  "best_tokens_seen": 20900216832,
  "dataset_scores_path": "/opt/ml/checkpoints/ntv3-results/beat-v7-20k-context-pyramid-lr125-llrd085-seed0/human/functional/dataset_scores.csv",
  "effective_global_batch_size": 32,
  "model_family": "lumina",
  "model_version": "beat-v7",
  "requested_precision": "fp32",
  "resolved_precision": "fp32",
  "resume_from_checkpoint": null,
  "resumed_from_step": 0,
  "running_time": 25172.913004013,
  "runtime_batch_size_per_rank": 2,
  "runtime_grad_accum_steps": 2,
  "species": "human",
  "task_type": "functional",
  "test_metrics": {
    "ENCSR046BCI_M/pearson": 0.4634789818837452,
    "ENCSR046BCI_P/pearson": 0.4270173257162034,
    "ENCSR100LIJ_M/pearson": 0.499736943900856,
    "ENCSR100LIJ_P/pearson": 0.4990478515373951,
    "ENCSR114HGS_M/pearson": 0.31059049040261644,
    "ENCSR114HGS_P/pearson": 0.32302624619896464,
    "ENCSR154HRN_M/pearson": 0.4753391007881326,
    "ENCSR154HRN_P/pearson": 0.4843793256208309,
    "ENCSR249ROI_M/pearson": 0.5764505350354397,
    "ENCSR249ROI_P/pearson": 0.554238445837445,
    "ENCSR321PWZ_M/pearson": 0.6429376581076935,
    "ENCSR321PWZ_P/pearson": 0.6502696865965019,
    "ENCSR325NFE/pearson": 0.7186891929122354,
    "ENCSR410DWV/pearson": 0.55626806086051,
    "ENCSR484LTQ_M/pearson": 0.4433769799366376,
    "ENCSR484LTQ_P/pearson": 0.43954152992711176,
    "ENCSR487QSB/pearson": 0.5340174288299948,
    "ENCSR527JGN_M/pearson": 0.462646461539501,
    "ENCSR527JGN_P/pearson": 0.6571093770182826,
    "ENCSR619DQO_M/pearson": 0.6504482935891636,
    "ENCSR619DQO_P/pearson": 0.6511554455670632,
    "ENCSR628PLS/pearson": 0.445490320762677,
    "ENCSR682BFG/pearson": 0.5322692696402729,
    "ENCSR701YIC/pearson": 0.5328442129395706,
    "ENCSR754DRC/pearson": 0.48324602788875587,
    "ENCSR799DGV_M/pearson": 0.49481387318428943,
    "ENCSR799DGV_P/pearson": 0.4932297176186559,
    "ENCSR814RGG/pearson": 0.6868477988690146,
    "ENCSR862QCH_M/pearson": 0.5033898630293635,
    "ENCSR862QCH_P/pearson": 0.5098931246803886,
    "ENCSR863PSM/pearson": 0.5184030926364228,
    "ENCSR935RNW_M/pearson": 0.4961953359146849,
    "ENCSR935RNW_P/pearson": 0.5006478354645681,
    "ENCSR962OTG/pearson": 0.870050027188876,
    "loss": 4.23775749246385,
    "mean/pearson": 0.5319731135771724
  },
  "training_tokens": 20900216832,
  "world_size": 8
}
