{
  "best_step": 17500,
  "best_step_time": "0 days 03:43:06.569298",
  "best_tokens_seen": 18350080000,
  "dataset_scores_path": "/opt/ml/checkpoints/ntv3-results/ntv3-beat-v6-official-human-functional-seed0-r2/human/functional/dataset_scores.csv",
  "effective_global_batch_size": 32,
  "model_family": "lumina",
  "model_version": "beat-v6",
  "requested_precision": "fp32",
  "resolved_precision": "fp32",
  "resume_from_checkpoint": null,
  "resumed_from_step": 0,
  "running_time": 15277.199140055998,
  "runtime_batch_size_per_rank": 2,
  "runtime_grad_accum_steps": 2,
  "species": "human",
  "task_type": "functional",
  "test_metrics": {
    "ENCSR046BCI_M/pearson": 0.30062716555642033,
    "ENCSR046BCI_P/pearson": 0.26371862630571974,
    "ENCSR100LIJ_M/pearson": 0.3151316833702678,
    "ENCSR100LIJ_P/pearson": 0.3023916011010134,
    "ENCSR114HGS_M/pearson": 0.24522209972835202,
    "ENCSR114HGS_P/pearson": 0.279252337410414,
    "ENCSR154HRN_M/pearson": 0.41772940001825426,
    "ENCSR154HRN_P/pearson": 0.43947942726381745,
    "ENCSR249ROI_M/pearson": 0.5044499911060606,
    "ENCSR249ROI_P/pearson": 0.5028677463261052,
    "ENCSR321PWZ_M/pearson": 0.5111324958192628,
    "ENCSR321PWZ_P/pearson": 0.5438411089504132,
    "ENCSR325NFE/pearson": 0.6249005547265234,
    "ENCSR410DWV/pearson": 0.41287363562064433,
    "ENCSR484LTQ_M/pearson": 0.3709002063159235,
    "ENCSR484LTQ_P/pearson": 0.3816889474837586,
    "ENCSR487QSB/pearson": 0.4716645497725642,
    "ENCSR527JGN_M/pearson": 0.35316660789675,
    "ENCSR527JGN_P/pearson": 0.5340429632585182,
    "ENCSR619DQO_M/pearson": 0.5315328265372954,
    "ENCSR619DQO_P/pearson": 0.576942792240404,
    "ENCSR628PLS/pearson": 0.38061237047077806,
    "ENCSR682BFG/pearson": 0.4186652910314021,
    "ENCSR701YIC/pearson": 0.42738501526209743,
    "ENCSR754DRC/pearson": 0.4091212576243639,
    "ENCSR799DGV_M/pearson": 0.31438962474265686,
    "ENCSR799DGV_P/pearson": 0.3060237579476557,
    "ENCSR814RGG/pearson": 0.5922690732297613,
    "ENCSR862QCH_M/pearson": 0.3962041065746155,
    "ENCSR862QCH_P/pearson": 0.416370327788176,
    "ENCSR863PSM/pearson": 0.48196935189646894,
    "ENCSR935RNW_M/pearson": 0.3118381717758724,
    "ENCSR935RNW_P/pearson": 0.30366730831640976,
    "ENCSR962OTG/pearson": 0.7897622312749664,
    "loss": 4.298349573025448,
    "mean/pearson": 0.42446572513952086
  },
  "training_tokens": 20900216832,
  "world_size": 8
}
