{
  "best_step": 39864,
  "best_step_time": "0 days 13:52:28.443108",
  "best_tokens_seen": 41800433664,
  "dataset_scores_path": "/opt/ml/checkpoints/ntv3-results/beat-v7-ft-recipe-a-bio-readout-seed0/human/functional/dataset_scores.csv",
  "effective_global_batch_size": 32,
  "model_family": "lumina",
  "model_version": "beat-v7",
  "requested_precision": "fp32",
  "resolved_precision": "fp32",
  "resume_from_checkpoint": null,
  "resumed_from_step": 0,
  "running_time": 49989.792446765,
  "runtime_batch_size_per_rank": 2,
  "runtime_grad_accum_steps": 2,
  "species": "human",
  "task_type": "functional",
  "test_metrics": {
    "ENCSR046BCI_M/pearson": 0.4440172132428702,
    "ENCSR046BCI_P/pearson": 0.402400124345849,
    "ENCSR100LIJ_M/pearson": 0.4743859424876758,
    "ENCSR100LIJ_P/pearson": 0.4637760899392349,
    "ENCSR114HGS_M/pearson": 0.2826610791918837,
    "ENCSR114HGS_P/pearson": 0.3167869411214271,
    "ENCSR154HRN_M/pearson": 0.4557677232927387,
    "ENCSR154HRN_P/pearson": 0.46940948032661933,
    "ENCSR249ROI_M/pearson": 0.5525605803669138,
    "ENCSR249ROI_P/pearson": 0.5401349711732139,
    "ENCSR321PWZ_M/pearson": 0.6237915379674569,
    "ENCSR321PWZ_P/pearson": 0.6390033499277376,
    "ENCSR325NFE/pearson": 0.6886306134885157,
    "ENCSR410DWV/pearson": 0.49091995855319714,
    "ENCSR484LTQ_M/pearson": 0.4299062738329697,
    "ENCSR484LTQ_P/pearson": 0.4268834488549329,
    "ENCSR487QSB/pearson": 0.5131302024624705,
    "ENCSR527JGN_M/pearson": 0.43389324681006264,
    "ENCSR527JGN_P/pearson": 0.6337156372115755,
    "ENCSR619DQO_M/pearson": 0.6163418126603061,
    "ENCSR619DQO_P/pearson": 0.6330855045269388,
    "ENCSR628PLS/pearson": 0.4255263814242639,
    "ENCSR682BFG/pearson": 0.4811844575611711,
    "ENCSR701YIC/pearson": 0.5109481858737264,
    "ENCSR754DRC/pearson": 0.457601006162917,
    "ENCSR799DGV_M/pearson": 0.46784126011095933,
    "ENCSR799DGV_P/pearson": 0.45492501901233273,
    "ENCSR814RGG/pearson": 0.6544893990534445,
    "ENCSR862QCH_M/pearson": 0.48476716690039157,
    "ENCSR862QCH_P/pearson": 0.4951147028276041,
    "ENCSR863PSM/pearson": 0.4995855340853855,
    "ENCSR935RNW_M/pearson": 0.46981739707675735,
    "ENCSR935RNW_P/pearson": 0.46300376348198424,
    "ENCSR962OTG/pearson": 0.8510808772176212,
    "loss": 4.25524840790013,
    "mean/pearson": 0.5072672612521515
  },
  "training_tokens": 41800433664,
  "world_size": 8
}
