{
  "best_step": 19500,
  "best_step_time": "0 days 06:53:54.045217",
  "best_tokens_seen": 20447232000,
  "dataset_scores_path": "/opt/ml/checkpoints/ntv3-results/ntv3-beat-v7-official-human-functional-seed0-r2/human/functional/dataset_scores.csv",
  "effective_global_batch_size": 32,
  "model_family": "lumina",
  "model_version": "beat-v7",
  "requested_precision": "fp32",
  "resolved_precision": "fp32",
  "resume_from_checkpoint": null,
  "resumed_from_step": 0,
  "running_time": 25433.502506962,
  "runtime_batch_size_per_rank": 2,
  "runtime_grad_accum_steps": 2,
  "species": "human",
  "task_type": "functional",
  "test_metrics": {
    "ENCSR046BCI_M/pearson": 0.33527610778335415,
    "ENCSR046BCI_P/pearson": 0.30958112564191553,
    "ENCSR100LIJ_M/pearson": 0.3583346628333075,
    "ENCSR100LIJ_P/pearson": 0.35987361880747987,
    "ENCSR114HGS_M/pearson": 0.2565886837847727,
    "ENCSR114HGS_P/pearson": 0.2904228515687746,
    "ENCSR154HRN_M/pearson": 0.4396301389653044,
    "ENCSR154HRN_P/pearson": 0.44757528591021833,
    "ENCSR249ROI_M/pearson": 0.5283959129265006,
    "ENCSR249ROI_P/pearson": 0.5131564757058149,
    "ENCSR321PWZ_M/pearson": 0.5564656701145959,
    "ENCSR321PWZ_P/pearson": 0.5906775650585779,
    "ENCSR325NFE/pearson": 0.6604988482690464,
    "ENCSR410DWV/pearson": 0.509239739471627,
    "ENCSR484LTQ_M/pearson": 0.3895804196181035,
    "ENCSR484LTQ_P/pearson": 0.40091141513417144,
    "ENCSR487QSB/pearson": 0.49572430307777554,
    "ENCSR527JGN_M/pearson": 0.40996611978622666,
    "ENCSR527JGN_P/pearson": 0.5927154160658527,
    "ENCSR619DQO_M/pearson": 0.5884133249680421,
    "ENCSR619DQO_P/pearson": 0.6104574984964976,
    "ENCSR628PLS/pearson": 0.4066308760781965,
    "ENCSR682BFG/pearson": 0.46255685154904014,
    "ENCSR701YIC/pearson": 0.4768996472970263,
    "ENCSR754DRC/pearson": 0.43070652992499814,
    "ENCSR799DGV_M/pearson": 0.3586754488058669,
    "ENCSR799DGV_P/pearson": 0.3646226976042223,
    "ENCSR814RGG/pearson": 0.6314782841031992,
    "ENCSR862QCH_M/pearson": 0.4353570743055308,
    "ENCSR862QCH_P/pearson": 0.44378347939037976,
    "ENCSR863PSM/pearson": 0.4944230792360045,
    "ENCSR935RNW_M/pearson": 0.35590926340999307,
    "ENCSR935RNW_P/pearson": 0.36381295695445864,
    "ENCSR962OTG/pearson": 0.8210328874233132,
    "loss": 4.270805176269677,
    "mean/pearson": 0.4614521841197114
  },
  "training_tokens": 20900216832,
  "world_size": 8
}
