{
  "best_step": 17500,
  "best_step_time": "0 days 06:06:53.979578",
  "best_tokens_seen": 18350080000,
  "dataset_scores_path": "/opt/ml/checkpoints/ntv3-results/beat-v7-gated-hybrid-phylo-structure-seed0/human/functional/dataset_scores.csv",
  "effective_global_batch_size": 32,
  "model_family": "lumina",
  "model_version": "beat-v7",
  "requested_precision": "fp32",
  "resolved_precision": "fp32",
  "resume_from_checkpoint": null,
  "resumed_from_step": 0,
  "running_time": 25111.956296151002,
  "runtime_batch_size_per_rank": 2,
  "runtime_grad_accum_steps": 2,
  "species": "human",
  "task_type": "functional",
  "test_metrics": {
    "ENCSR046BCI_M/pearson": 0.39396568683525685,
    "ENCSR046BCI_P/pearson": 0.3490217846570988,
    "ENCSR100LIJ_M/pearson": 0.4218641918269708,
    "ENCSR100LIJ_P/pearson": 0.40910445003715673,
    "ENCSR114HGS_M/pearson": 0.2695990077070392,
    "ENCSR114HGS_P/pearson": 0.30135874568522164,
    "ENCSR154HRN_M/pearson": 0.4450139220219058,
    "ENCSR154HRN_P/pearson": 0.46375829578180416,
    "ENCSR249ROI_M/pearson": 0.5399648036272249,
    "ENCSR249ROI_P/pearson": 0.5292516059832433,
    "ENCSR321PWZ_M/pearson": 0.5973306134950095,
    "ENCSR321PWZ_P/pearson": 0.6205699217402774,
    "ENCSR325NFE/pearson": 0.6703056011579225,
    "ENCSR410DWV/pearson": 0.5080372736082405,
    "ENCSR484LTQ_M/pearson": 0.41878551689044713,
    "ENCSR484LTQ_P/pearson": 0.4191793561472724,
    "ENCSR487QSB/pearson": 0.5028507513747612,
    "ENCSR527JGN_M/pearson": 0.41890356279421226,
    "ENCSR527JGN_P/pearson": 0.6226879464211698,
    "ENCSR619DQO_M/pearson": 0.59345051798941,
    "ENCSR619DQO_P/pearson": 0.6219737865771893,
    "ENCSR628PLS/pearson": 0.41464376691623456,
    "ENCSR682BFG/pearson": 0.4629589769232773,
    "ENCSR701YIC/pearson": 0.49117929838089047,
    "ENCSR754DRC/pearson": 0.44465118517052005,
    "ENCSR799DGV_M/pearson": 0.4195515888860438,
    "ENCSR799DGV_P/pearson": 0.41345118000981373,
    "ENCSR814RGG/pearson": 0.6416598279021285,
    "ENCSR862QCH_M/pearson": 0.4597616693988484,
    "ENCSR862QCH_P/pearson": 0.4702724799295799,
    "ENCSR863PSM/pearson": 0.49005597902386694,
    "ENCSR935RNW_M/pearson": 0.4175364443481356,
    "ENCSR935RNW_P/pearson": 0.41238227373287073,
    "ENCSR962OTG/pearson": 0.8444872248374086,
    "loss": 4.263093932744355,
    "mean/pearson": 0.48528144817113095
  },
  "training_tokens": 20900216832,
  "world_size": 8
}
