model,dataset,n,auroc,auprc,mcc,recall,specificity,threshold,tp,tn,fp,fn
M0,br_only,504,0.7445226508490154,0.8963793937073589,0.27911317747995884,0.9204244031830239,0.2992125984251969,0.4311051070690155,347,38,89,30
M0,br_any,564,0.7433631344125541,0.9004141271753859,0.2631903296416165,0.9086651053864169,0.30656934306569344,0.4311051070690155,388,42,95,39
M0,regional_benchmark_any,3111,0.8653950254150905,0.8919489891550838,0.5528320703692552,0.9124579124579124,0.6034612490594432,0.4311051070690155,1626,802,527,156
M0,abraom_common_benign,12099,,,0.0,0.0,0.8027936193073808,0.4311051070690155,0,9713,2386,0
M0,abraom_pathogenic_present,163,,,0.0,0.4171779141104294,0.0,0.4311051070690155,68,0,0,95
M0,abraom_pathogenic_common,60,,,0.0,0.36666666666666664,0.0,0.4311051070690155,22,0,0,38
M0,global_nonbr_no_abraom,1989,0.8494481915775147,0.9194764796422179,0.5122049585015879,0.9176557863501483,0.5444617784711389,0.4311051070690155,1237,349,292,111
M0,nonbr_only,2547,0.8795685876321852,0.890147340500331,0.5788794419406019,0.9136531365313653,0.6375838926174496,0.4311051070690155,1238,760,432,117
