model,dataset,n,auroc,auprc,mcc,recall,specificity,threshold,tp,tn,fp,fn
M5_v3_safety,br_only,504,0.8856492407945028,0.952359791822103,0.6051392365837596,0.9946949602122016,0.4566929133858268,0.35,375,58,69,2
M5_v3_safety,br_any,564,0.8829894528111594,0.9533591729604457,0.6041170570342913,0.9929742388758782,0.45985401459854014,0.35,424,63,74,3
M5_v3_safety,regional_benchmark_any,3111,0.9171406397390846,0.9319560050467648,0.5608387781748854,0.9943883277216611,0.4582392776523702,0.35,1772,609,720,10
M5_v3_safety,abraom_common_benign,12099,,,0.0,0.0,0.9585089676832796,0.35,0,11597,502,0
M5_v3_safety,abraom_pathogenic_present,163,,,0.0,0.43558282208588955,0.0,0.35,71,0,0,92
M5_v3_safety,abraom_pathogenic_common,60,,,0.0,0.2,0.0,0.35,12,0,0,48
M5_v3_safety,global_nonbr_no_abraom,1989,0.8609033085359022,0.9287249399590167,0.5118586737461549,0.7529673590504451,0.7878315132605305,0.72,1015,505,136,333
M5_v3_safety,nonbr_only,2547,0.9221495084078357,0.9271485271380877,0.6366340544216003,0.7490774907749077,0.8859060402684564,0.72,1015,1056,136,340
