model,dataset,n,auroc,auprc,mcc,recall,specificity,threshold,tp,tn,fp,fn
M5_v2_calibrated,br_only,504,0.8857327847281689,0.9523487227939862,0.6051392365837596,0.9946949602122016,0.4566929133858268,0.35,375,58,69,2
M5_v2_calibrated,br_any,564,0.8831945845228124,0.9533529829774776,0.6041170570342913,0.9929742388758782,0.45985401459854014,0.35,424,63,74,3
M5_v2_calibrated,regional_benchmark_any,3111,0.9173336069498598,0.9321429047037638,0.5608387781748854,0.9943883277216611,0.4582392776523702,0.35,1772,609,720,10
M5_v2_calibrated,abraom_common_benign,12099,,,0.0,0.0,0.9585089676832796,0.35,0,11597,502,0
M5_v2_calibrated,abraom_pathogenic_present,163,,,0.0,0.43558282208588955,0.0,0.35,71,0,0,92
M5_v2_calibrated,abraom_pathogenic_common,60,,,0.0,0.2,0.0,0.35,12,0,0,48
M5_v2_calibrated,global_nonbr_no_abraom,1989,0.8609033085359022,0.9287249399590167,0.50006754101164,0.6906528189910979,0.84399375975039,0.75,931,541,100,417
M5_v2_calibrated,nonbr_only,2547,0.9221495084078357,0.9271485271380877,0.6131752226003314,0.6870848708487085,0.9161073825503355,0.75,931,1092,100,424
