model,dataset,n,auroc,auprc,mcc,recall,specificity,threshold,tp,tn,fp,fn
M7_dynamic_scrambled,br_only,504,0.7640092733766369,0.9073997294263634,0.3014585162043642,0.8381962864721485,0.4566929133858268,0.5936092734336853,316,58,69,61
M7_dynamic_scrambled,br_any,564,0.7583548436725415,0.9090487043596274,0.2961930973179029,0.8290398126463701,0.46715328467153283,0.5936092734336853,354,64,73,73
M7_dynamic_scrambled,regional_benchmark_any,3111,0.8775067791872407,0.9066032491542443,0.575612463305959,0.8372615039281706,0.7343867569601203,0.5936092734336853,1492,976,353,290
M7_dynamic_scrambled,abraom_common_benign,12099,,,0.0,0.0,0.8888337879163567,0.5936092734336853,0,10754,1345,0
M7_dynamic_scrambled,abraom_pathogenic_present,163,,,0.0,0.3128834355828221,0.0,0.5936092734336853,51,0,0,112
M7_dynamic_scrambled,abraom_pathogenic_common,60,,,0.0,0.26666666666666666,0.0,0.5936092734336853,16,0,0,44
M7_dynamic_scrambled,global_nonbr_no_abraom,1989,0.8618129591652509,0.9312693254394575,0.538528773819855,0.8434718100890207,0.6989079563182528,0.5936092734336853,1137,448,193,211
M7_dynamic_scrambled,nonbr_only,2547,0.8916026895168281,0.9066532804098448,0.607637227788285,0.8398523985239852,0.7651006711409396,0.5936092734336853,1138,912,280,217
