{
  "best_step": 19500,
  "best_step_time": "0 days 06:42:49.585964",
  "best_tokens_seen": 20447232000,
  "dataset_scores_path": "/opt/ml/checkpoints/ntv3-results/beat-v7-bio-readout-phylo-structure-mlp-seed0/human/functional/dataset_scores.csv",
  "effective_global_batch_size": 32,
  "model_family": "lumina",
  "model_version": "beat-v7",
  "requested_precision": "fp32",
  "resolved_precision": "fp32",
  "resume_from_checkpoint": null,
  "resumed_from_step": 0,
  "running_time": 24750.294966054,
  "runtime_batch_size_per_rank": 2,
  "runtime_grad_accum_steps": 2,
  "species": "human",
  "task_type": "functional",
  "test_metrics": {
    "ENCSR046BCI_M/pearson": 0.38716080109025275,
    "ENCSR046BCI_P/pearson": 0.3527026077981477,
    "ENCSR100LIJ_M/pearson": 0.41456495545368344,
    "ENCSR100LIJ_P/pearson": 0.4102609505218064,
    "ENCSR114HGS_M/pearson": 0.2657631006973815,
    "ENCSR114HGS_P/pearson": 0.29807462470346585,
    "ENCSR154HRN_M/pearson": 0.4473563478076352,
    "ENCSR154HRN_P/pearson": 0.4562952430367407,
    "ENCSR249ROI_M/pearson": 0.5429368543148579,
    "ENCSR249ROI_P/pearson": 0.5241774346582178,
    "ENCSR321PWZ_M/pearson": 0.5938181757768926,
    "ENCSR321PWZ_P/pearson": 0.6249136621501489,
    "ENCSR325NFE/pearson": 0.6688531950367684,
    "ENCSR410DWV/pearson": 0.5152367811691726,
    "ENCSR484LTQ_M/pearson": 0.41352052576755854,
    "ENCSR484LTQ_P/pearson": 0.41729202253202186,
    "ENCSR487QSB/pearson": 0.5033724006446149,
    "ENCSR527JGN_M/pearson": 0.42209066402130113,
    "ENCSR527JGN_P/pearson": 0.6163105742236274,
    "ENCSR619DQO_M/pearson": 0.6057629056646174,
    "ENCSR619DQO_P/pearson": 0.619960925481082,
    "ENCSR628PLS/pearson": 0.4139890736785832,
    "ENCSR682BFG/pearson": 0.4601166253046461,
    "ENCSR701YIC/pearson": 0.49283717185745646,
    "ENCSR754DRC/pearson": 0.44335529263917645,
    "ENCSR799DGV_M/pearson": 0.4113856477057094,
    "ENCSR799DGV_P/pearson": 0.41343558958183635,
    "ENCSR814RGG/pearson": 0.6419922693668639,
    "ENCSR862QCH_M/pearson": 0.46170540503072344,
    "ENCSR862QCH_P/pearson": 0.4625570652684288,
    "ENCSR863PSM/pearson": 0.49014033955608366,
    "ENCSR935RNW_M/pearson": 0.4100144368010579,
    "ENCSR935RNW_P/pearson": 0.4146545465472774,
    "ENCSR962OTG/pearson": 0.8431287044138732,
    "loss": 4.261950325499548,
    "mean/pearson": 0.4841099094206386
  },
  "training_tokens": 20900216832,
  "world_size": 8
}
