{
  "best_step": 19932,
  "best_step_time": "0 days 06:54:35.935796",
  "best_tokens_seen": 20900216832,
  "dataset_scores_path": "/opt/ml/checkpoints/ntv3-results/beat-v7-20k-global-context-standalone-lr125-llrd085-seed0/human/functional/dataset_scores.csv",
  "effective_global_batch_size": 32,
  "model_family": "lumina",
  "model_version": "beat-v7",
  "requested_precision": "fp32",
  "resolved_precision": "fp32",
  "resume_from_checkpoint": null,
  "resumed_from_step": 0,
  "running_time": 24917.479109598,
  "runtime_batch_size_per_rank": 2,
  "runtime_grad_accum_steps": 2,
  "species": "human",
  "task_type": "functional",
  "test_metrics": {
    "ENCSR046BCI_M/pearson": 0.4580339920020712,
    "ENCSR046BCI_P/pearson": 0.42109369693664167,
    "ENCSR100LIJ_M/pearson": 0.49420487219811365,
    "ENCSR100LIJ_P/pearson": 0.48914725863194064,
    "ENCSR114HGS_M/pearson": 0.3088255244711738,
    "ENCSR114HGS_P/pearson": 0.31981465367440604,
    "ENCSR154HRN_M/pearson": 0.4748340880228558,
    "ENCSR154HRN_P/pearson": 0.4797768215144847,
    "ENCSR249ROI_M/pearson": 0.5720246263850233,
    "ENCSR249ROI_P/pearson": 0.5510692398006681,
    "ENCSR321PWZ_M/pearson": 0.643736809198464,
    "ENCSR321PWZ_P/pearson": 0.642804464600895,
    "ENCSR325NFE/pearson": 0.7016748459101176,
    "ENCSR410DWV/pearson": 0.5288970610560942,
    "ENCSR484LTQ_M/pearson": 0.4423964385700021,
    "ENCSR484LTQ_P/pearson": 0.43497784416187707,
    "ENCSR487QSB/pearson": 0.5230414205407266,
    "ENCSR527JGN_M/pearson": 0.44819877884469883,
    "ENCSR527JGN_P/pearson": 0.6406213010193783,
    "ENCSR619DQO_M/pearson": 0.640266687658715,
    "ENCSR619DQO_P/pearson": 0.6412092544512997,
    "ENCSR628PLS/pearson": 0.43485869090072726,
    "ENCSR682BFG/pearson": 0.49354585948838,
    "ENCSR701YIC/pearson": 0.5265146583871582,
    "ENCSR754DRC/pearson": 0.4679132370757247,
    "ENCSR799DGV_M/pearson": 0.48913571987507776,
    "ENCSR799DGV_P/pearson": 0.48359390020114656,
    "ENCSR814RGG/pearson": 0.6720150213644104,
    "ENCSR862QCH_M/pearson": 0.5019536167960311,
    "ENCSR862QCH_P/pearson": 0.5023142490777277,
    "ENCSR863PSM/pearson": 0.5046453902428022,
    "ENCSR935RNW_M/pearson": 0.49051816340305954,
    "ENCSR935RNW_P/pearson": 0.48971977631592273,
    "ENCSR962OTG/pearson": 0.8578073310472394,
    "loss": 4.244716468438693,
    "mean/pearson": 0.5226819204066193
  },
  "training_tokens": 20900216832,
  "world_size": 8
}
