{
  "best_step": 2,
  "best_step_time": "0 days 00:00:29.443979",
  "best_tokens_seen": 2097152,
  "dataset_scores_path": "/opt/ml/checkpoints/ntv3-results/beat-v5-dec-coupled-smoke-nosync/human/functional/dataset_scores.csv",
  "effective_global_batch_size": 32,
  "model_family": "lumina",
  "model_version": "beat-v5",
  "requested_precision": "fp32",
  "resolved_precision": "fp32",
  "resume_from_checkpoint": null,
  "resumed_from_step": 0,
  "running_time": 30.263904032000028,
  "runtime_batch_size_per_rank": 2,
  "runtime_grad_accum_steps": 2,
  "species": "human",
  "task_type": "functional",
  "test_metrics": {
    "ENCSR046BCI_M/pearson": -0.001280932032809117,
    "ENCSR046BCI_P/pearson": 0.005288383141499665,
    "ENCSR100LIJ_M/pearson": 0.0025345485400465376,
    "ENCSR100LIJ_P/pearson": -4.775770995126379e-05,
    "ENCSR114HGS_M/pearson": -0.0005469034871117749,
    "ENCSR114HGS_P/pearson": -0.002423623467243555,
    "ENCSR154HRN_M/pearson": 0.005122685655558924,
    "ENCSR154HRN_P/pearson": -0.010606994722987761,
    "ENCSR249ROI_M/pearson": -0.019319338421170933,
    "ENCSR249ROI_P/pearson": -0.015802045570886183,
    "ENCSR321PWZ_M/pearson": -0.012489744642550102,
    "ENCSR321PWZ_P/pearson": -0.020861696687599414,
    "ENCSR325NFE/pearson": 0.16644927849168564,
    "ENCSR410DWV/pearson": 0.011102481679244066,
    "ENCSR484LTQ_M/pearson": -0.030022694792910188,
    "ENCSR484LTQ_P/pearson": 0.005540834880629489,
    "ENCSR487QSB/pearson": -0.03388822313559642,
    "ENCSR527JGN_M/pearson": 0.009955615688980481,
    "ENCSR527JGN_P/pearson": 0.007392749000918502,
    "ENCSR619DQO_M/pearson": 0.005709628725515463,
    "ENCSR619DQO_P/pearson": 0.029367375520627195,
    "ENCSR628PLS/pearson": 0.005939968532588949,
    "ENCSR682BFG/pearson": -0.025662221190629195,
    "ENCSR701YIC/pearson": -0.008824575387611224,
    "ENCSR754DRC/pearson": 0.044638941006740096,
    "ENCSR799DGV_M/pearson": 0.00584503023186316,
    "ENCSR799DGV_P/pearson": -0.00536988673919721,
    "ENCSR814RGG/pearson": -0.056464086719878286,
    "ENCSR862QCH_M/pearson": -0.005348587495544522,
    "ENCSR862QCH_P/pearson": -0.0069586064436476585,
    "ENCSR863PSM/pearson": 0.02316081651105261,
    "ENCSR935RNW_M/pearson": 0.0012296911323607842,
    "ENCSR935RNW_P/pearson": 0.0037201450105614382,
    "ENCSR962OTG/pearson": -0.08925728619794876,
    "loss": 1.9235184788703918,
    "mean/pearson": -0.00035814797339413473
  },
  "training_tokens": 2097152,
  "world_size": 8
}
