{
  "best_step": 17500,
  "best_step_time": "0 days 05:59:16.474513",
  "best_tokens_seen": 18350080000,
  "dataset_scores_path": "/opt/ml/checkpoints/ntv3-results/beat-v7-official-hidden-repro-seed0/human/functional/dataset_scores.csv",
  "effective_global_batch_size": 32,
  "model_family": "lumina",
  "model_version": "beat-v7",
  "requested_precision": "fp32",
  "resolved_precision": "fp32",
  "resume_from_checkpoint": null,
  "resumed_from_step": 0,
  "running_time": 24589.90853179,
  "runtime_batch_size_per_rank": 2,
  "runtime_grad_accum_steps": 2,
  "species": "human",
  "task_type": "functional",
  "test_metrics": {
    "ENCSR046BCI_M/pearson": 0.33273169875513214,
    "ENCSR046BCI_P/pearson": 0.29736757974778916,
    "ENCSR100LIJ_M/pearson": 0.3572073019919189,
    "ENCSR100LIJ_P/pearson": 0.3488590439915329,
    "ENCSR114HGS_M/pearson": 0.26220930853669533,
    "ENCSR114HGS_P/pearson": 0.292722833810217,
    "ENCSR154HRN_M/pearson": 0.43878359414893614,
    "ENCSR154HRN_P/pearson": 0.4548252842887309,
    "ENCSR249ROI_M/pearson": 0.5314732004472958,
    "ENCSR249ROI_P/pearson": 0.5208024048128314,
    "ENCSR321PWZ_M/pearson": 0.5582914542840309,
    "ENCSR321PWZ_P/pearson": 0.5943184561242448,
    "ENCSR325NFE/pearson": 0.6547503431920723,
    "ENCSR410DWV/pearson": 0.4979666562060154,
    "ENCSR484LTQ_M/pearson": 0.39508556853715826,
    "ENCSR484LTQ_P/pearson": 0.4040069587670902,
    "ENCSR487QSB/pearson": 0.4920472875395038,
    "ENCSR527JGN_M/pearson": 0.4081933211678693,
    "ENCSR527JGN_P/pearson": 0.604377695440301,
    "ENCSR619DQO_M/pearson": 0.5841861153033664,
    "ENCSR619DQO_P/pearson": 0.6170201349599177,
    "ENCSR628PLS/pearson": 0.4032663463501069,
    "ENCSR682BFG/pearson": 0.4576829753407918,
    "ENCSR701YIC/pearson": 0.4759096418087903,
    "ENCSR754DRC/pearson": 0.42784136088975605,
    "ENCSR799DGV_M/pearson": 0.3573638748908317,
    "ENCSR799DGV_P/pearson": 0.35447555645257584,
    "ENCSR814RGG/pearson": 0.6249336184201071,
    "ENCSR862QCH_M/pearson": 0.4356792208178461,
    "ENCSR862QCH_P/pearson": 0.45192716296002033,
    "ENCSR863PSM/pearson": 0.49310345656418264,
    "ENCSR935RNW_M/pearson": 0.3545597416253371,
    "ENCSR935RNW_P/pearson": 0.352146519920939,
    "ENCSR962OTG/pearson": 0.819339139571722,
    "loss": 4.271587809477747,
    "mean/pearson": 0.4604545546372252
  },
  "training_tokens": 20900216832,
  "world_size": 8
}
