model,dataset,n,auroc,auprc,mcc,recall,specificity,threshold
M5_v2_calibrated,br_only,504,0.8857327847281689,0.9523486247226898,0.6051392365837596,0.9946949602122016,0.4566929133858268,0.35
M5_v2_calibrated,br_any,564,0.8832287731414212,0.9533654306352959,0.6041170570342913,0.9929742388758782,0.45985401459854014,0.35
M5_v2_calibrated,regional_benchmark_any,3111,0.9173310734635038,0.9321385545879524,0.5608387781748854,0.9943883277216611,0.4582392776523702,0.35
M5_v2_calibrated,abraom_common_benign,12099,,,0.0,0.0,0.9585089676832796,0.35
M5_v2_calibrated,abraom_pathogenic_present,163,,1.0,0.0,0.43558282208588955,0.0,0.35
M5_v2_calibrated,abraom_pathogenic_common,60,,1.0,0.0,0.2,0.0,0.35
M5_v2_calibrated,global_nonbr_no_abraom,1989,0.8609195109644148,0.9287475826965128,0.50006754101164,0.6906528189910979,0.84399375975039,0.75
M5_v2_calibrated,nonbr_only,2547,0.9221847990291984,0.9272038103486733,0.6131752226003314,0.6870848708487085,0.9161073825503355,0.75
