{
  "best_step": 17500,
  "best_step_time": "0 days 06:02:49.172292",
  "best_tokens_seen": 18350080000,
  "dataset_scores_path": "/opt/ml/checkpoints/ntv3-results/beat-v7-local-conv-head-k15-seed0/human/functional/dataset_scores.csv",
  "effective_global_batch_size": 32,
  "model_family": "lumina",
  "model_version": "beat-v7",
  "requested_precision": "fp32",
  "resolved_precision": "fp32",
  "resume_from_checkpoint": null,
  "resumed_from_step": 0,
  "running_time": 24833.553722338,
  "runtime_batch_size_per_rank": 2,
  "runtime_grad_accum_steps": 2,
  "species": "human",
  "task_type": "functional",
  "test_metrics": {
    "ENCSR046BCI_M/pearson": 0.35528130422634935,
    "ENCSR046BCI_P/pearson": 0.3172691125687201,
    "ENCSR100LIJ_M/pearson": 0.37864781700219174,
    "ENCSR100LIJ_P/pearson": 0.3699845420945997,
    "ENCSR114HGS_M/pearson": 0.2670325638959915,
    "ENCSR114HGS_P/pearson": 0.29353656062018485,
    "ENCSR154HRN_M/pearson": 0.44290626720445186,
    "ENCSR154HRN_P/pearson": 0.4610155265632717,
    "ENCSR249ROI_M/pearson": 0.5355171018725574,
    "ENCSR249ROI_P/pearson": 0.526129243801564,
    "ENCSR321PWZ_M/pearson": 0.5739269150886148,
    "ENCSR321PWZ_P/pearson": 0.6069132037986554,
    "ENCSR325NFE/pearson": 0.6724476280075997,
    "ENCSR410DWV/pearson": 0.5125069568757712,
    "ENCSR484LTQ_M/pearson": 0.40366179527810236,
    "ENCSR484LTQ_P/pearson": 0.411861485557039,
    "ENCSR487QSB/pearson": 0.5047840038227962,
    "ENCSR527JGN_M/pearson": 0.41033659156365,
    "ENCSR527JGN_P/pearson": 0.6106544417039926,
    "ENCSR619DQO_M/pearson": 0.5863606825919764,
    "ENCSR619DQO_P/pearson": 0.6219612382080212,
    "ENCSR628PLS/pearson": 0.41694611605018445,
    "ENCSR682BFG/pearson": 0.4665643517863032,
    "ENCSR701YIC/pearson": 0.4837939893120614,
    "ENCSR754DRC/pearson": 0.4412193417202015,
    "ENCSR799DGV_M/pearson": 0.3797453092599334,
    "ENCSR799DGV_P/pearson": 0.3744200341345679,
    "ENCSR814RGG/pearson": 0.6435987891213414,
    "ENCSR862QCH_M/pearson": 0.44897114585559983,
    "ENCSR862QCH_P/pearson": 0.4601025588903102,
    "ENCSR863PSM/pearson": 0.4937275341507998,
    "ENCSR935RNW_M/pearson": 0.37557712025635964,
    "ENCSR935RNW_P/pearson": 0.3726635414748275,
    "ENCSR962OTG/pearson": 0.8366179617289262,
    "loss": 4.265487138056003,
    "mean/pearson": 0.47225537576728
  },
  "training_tokens": 20900216832,
  "world_size": 8
}
