{
  "best_step": 19932,
  "best_step_time": "0 days 07:39:42.688312",
  "best_tokens_seen": 20900216832,
  "dataset_scores_path": "/opt/ml/checkpoints/ntv3-results/beat-v5-dec-coupled/human/functional/dataset_scores.csv",
  "effective_global_batch_size": 32,
  "model_family": "lumina",
  "model_version": "beat-v5",
  "requested_precision": "fp32",
  "resolved_precision": "fp32",
  "resume_from_checkpoint": null,
  "resumed_from_step": 0,
  "running_time": 27645.683660352002,
  "runtime_batch_size_per_rank": 2,
  "runtime_grad_accum_steps": 2,
  "species": "human",
  "task_type": "functional",
  "test_metrics": {
    "ENCSR046BCI_M/pearson": 0.1739060583951387,
    "ENCSR046BCI_P/pearson": 0.14993622337152906,
    "ENCSR100LIJ_M/pearson": 0.18475790427862326,
    "ENCSR100LIJ_P/pearson": 0.17930858135186076,
    "ENCSR114HGS_M/pearson": 0.0815445136568425,
    "ENCSR114HGS_P/pearson": 0.07884788117497113,
    "ENCSR154HRN_M/pearson": 0.1958987013745278,
    "ENCSR154HRN_P/pearson": 0.1935372646136832,
    "ENCSR249ROI_M/pearson": 0.2265322897327907,
    "ENCSR249ROI_P/pearson": 0.2151023806204607,
    "ENCSR321PWZ_M/pearson": 0.22881220969201613,
    "ENCSR321PWZ_P/pearson": 0.2298521156255005,
    "ENCSR325NFE/pearson": 0.5068422142027035,
    "ENCSR410DWV/pearson": 0.3407510625838103,
    "ENCSR484LTQ_M/pearson": 0.19375452556109599,
    "ENCSR484LTQ_P/pearson": 0.1973230895398274,
    "ENCSR487QSB/pearson": 0.3733836206060217,
    "ENCSR527JGN_M/pearson": 0.105169703094674,
    "ENCSR527JGN_P/pearson": 0.14179248766786104,
    "ENCSR619DQO_M/pearson": 0.18858658025655833,
    "ENCSR619DQO_P/pearson": 0.20100631798816543,
    "ENCSR628PLS/pearson": 0.2860411780805383,
    "ENCSR682BFG/pearson": 0.3254322464085406,
    "ENCSR701YIC/pearson": 0.18481141621879874,
    "ENCSR754DRC/pearson": 0.3710921274110178,
    "ENCSR799DGV_M/pearson": 0.19171709571662782,
    "ENCSR799DGV_P/pearson": 0.18611750742877622,
    "ENCSR814RGG/pearson": 0.4896127104910981,
    "ENCSR862QCH_M/pearson": 0.1934915671116561,
    "ENCSR862QCH_P/pearson": 0.18886152159272443,
    "ENCSR863PSM/pearson": 0.4344412750324743,
    "ENCSR935RNW_M/pearson": 0.18510574363537535,
    "ENCSR935RNW_P/pearson": 0.18199791663294507,
    "ENCSR962OTG/pearson": 0.7260972343678779,
    "loss": 4.435894149476206,
    "mean/pearson": 0.24504309604462093
  },
  "training_tokens": 20900216832,
  "world_size": 8
}
